Name,Suffix,Abs path
jing,csv,/Users/tianwenchu/Desktop/ResearchRepos/LeetCodes/LeetCodes/fun/jing.csv
A,py,/Users/tianwenchu/Desktop/ResearchRepos/LeetCodes/LeetCodes/fun/A.py
__init__,py,/Users/tianwenchu/Desktop/ResearchRepos/LeetCodes/LeetCodes/fun/__init__.py
ListFile,py,/Users/tianwenchu/Desktop/ResearchRepos/LeetCodes/LeetCodes/fun/ListFile.py
B,py,/Users/tianwenchu/Desktop/ResearchRepos/LeetCodes/LeetCodes/fun/B.py
content_list,csv,/Users/tianwenchu/Desktop/ResearchRepos/LeetCodes/LeetCodes/fun/content_list.csv
BasicCalculatorIV,py,/Users/tianwenchu/Desktop/ResearchRepos/LeetCodes/LeetCodes/fun/test/BasicCalculatorIV.py
BasicCalculatorII,py,/Users/tianwenchu/Desktop/ResearchRepos/LeetCodes/LeetCodes/fun/test/BasicCalculatorII.py
BasicCalculatorIII,py,/Users/tianwenchu/Desktop/ResearchRepos/LeetCodes/LeetCodes/fun/test/BasicCalculatorIII.py
big,conf,/Users/tianwenchu/Desktop/ResearchRepos/LeetCodes/LeetCodes/fun/test/subtest/big.conf
silly,php,/Users/tianwenchu/Desktop/ResearchRepos/LeetCodes/LeetCodes/fun/test/subtest/subsubtest/silly.php
B,pyc,/Users/tianwenchu/Desktop/ResearchRepos/LeetCodes/LeetCodes/fun/__pycache__/B.cpython-36.pyc
A,pyc,/Users/tianwenchu/Desktop/ResearchRepos/LeetCodes/LeetCodes/fun/__pycache__/A.cpython-36.pyc
__init__,pyc,/Users/tianwenchu/Desktop/ResearchRepos/LeetCodes/LeetCodes/fun/__pycache__/__init__.cpython-36.pyc
